{"products":[{"id":"0.8561986134717297","qty":1}],"totalPrice":21.209999999999997}